shape,x,y,width,height,angle,origin,radius,r_inner,r_outer,start_angle,end_angle,direction,layer,color
RECTANGLE,50,50,80,40,0,CORNER,,,,,,,,WALLS,2
RECTANGLE,200,50,80,40,30,CORNER,,,,,,,,WALLS,2
ARC,100,250,,,,,,,,50,0,90,CCW,CENTER,1
ARC,250,250,,,,,,,,50,0,90,CW,CENTER,3
SLOT,50,400,120,40,0,CORNER,,,,,,,,DETAIL,6
SECTOR,400,200,,,0,,,,30,80,0,90,CCW,FRAME,4
SECTOR,600,200,,,0,,,,20,70,0,90,CCW,FRAME,4
SECTOR,400,400,,,0,,,,30,80,0,180,CCW,FRAME,5
SECTOR,600,400,,,45,,,, 30,80,0,90,CCW,FRAME,5
